value,COEF_VERT,COEF_G,FACADE,FOUNDATION,WEIGHT
MAP,0.608004109433999,1.70957544444718,1.2166133700144952,9.9083921565504,1.178943825436774
mean,0.6168496469602451,1.658992476357023,1.242076169301542,9.56724313376816,1.0928260644938952
variance,0.004588516983927092,0.02275813770178808,0.003981311388506521,0.08924007157188696,0.005658946714537821
